{
  "Gangwon-do|Gangneung": 0.2802078081642434,
  "Gangwon-do|Goseong": 0.080037669,
  "Gangwon-do|Donghae": 0.000807367,
  "Gangwon-do|Samcheok": 0.0232966515877434,
  "Gangwon-do|Sokcho": 0.009768161,
  "Gangwon-do|Yanggu": 0.049774646,
  "Gangwon-do|Yangyang": 0.073544889,
  "Gangwon-do|Yeongwol": 0.035607747,
  "Gangwon-do|Wonju": 0.1227411163640236,
  "Gangwon-do|Inje": 0.085781206,
  "Gangwon-do|Jeongseon": 0.051051403,
  "Gangwon-do|Cheorwon": 0.1961413313449092,
  "Gangwon-do|Chuncheon": 0.067136045,
  "Gangwon-do|Taebaek": 0.1236484131687378,
  "Gangwon-do|Pyeongchang": 0.2364947057985649,
  "Gangwon-do|Hongcheon": 0.094530731,
  "Gangwon-do|Hwacheon": 0.039342192,
  "Gangwon-do|Hoengseong": 0.1290084965748374,
  "Gyeonggi-do|Gapyeong": 0.1939775472150424,
  "Gyeonggi-do|Goyang": 0.1308442456903292,
  "Gyeonggi-do|Gwacheon": 0.0,
  "Gyeonggi-do|Gwangmyeong": 0.0,
  "Gyeonggi-do|Gwangju": 0.013785798,
  "Gyeonggi-do|Guri": 0.01128335,
  "Gyeonggi-do|Gunpo": 0.0032,
  "Gyeonggi-do|Gimpo": 0.1443461919269818,
  "Gyeonggi-do|Namyangju": 0.066086803,
  "Gyeonggi-do|Dongducheon": 0.002351604,
  "Gyeonggi-do|Bucheon": 0.0,
  "Gyeonggi-do|Seongnam": 0.0,
  "Gyeonggi-do|Suwon": 0.0516,
  "Gyeonggi-do|Siheung": 0.069184049,
  "Gyeonggi-do|Ansan": 0.0,
  "Gyeonggi-do|Ansoeng": 0.068620046,
  "Gyeonggi-do|Anyang": 0.0,
  "Gyeonggi-do|Yangju": 0.014799999999852,
  "Gyeonggi-do|Yangpyeong": 0.1018749240134567,
  "Gyeonggi-do|Yeoju": 0.047626405,
  "Gyeonggi-do|Yeoncheon": 0.1704046968264648,
  "Gyeonggi-do|Osan": 0.005611545,
  "Gyeonggi-do|Yongin": 0.053598877,
  "Gyeonggi-do|Uiwang": 0.0632,
  "Gyeonggi-do|Uijeongbu": 0.0271999999997279,
  "Gyeonggi-do|Icheon": 0.0294848716759358,
  "Gyeonggi-do|Paju": 0.1442226210546986,
  "Gyeonggi-do|Pyeongtaek": 0.1330772420147479,
  "Gyeonggi-do|Pocheon": 0.092336643,
  "Gyeonggi-do|Hanam": 0.053930008,
  "Gyeonggi-do|Hwaseong": 0.02801182,
  "Gyeongsangnam-do|Geoje": 0.07534421,
  "Gyeongsangnam-do|Geochang": 0.1554257286627347,
  "Gyeongsangnam-do|Goseong": 0.1474686612887235,
  "Gyeongsangnam-do|Gimhae": 0.1517791195834298,
  "Gyeongsangnam-do|Namhae": 0.030662244,
  "Gyeongsangnam-do|Miryang": 0.2999708777658644,
  "Gyeongsangnam-do|Sacheon": 0.1259374147457854,
  "Gyeongsangnam-do|Sancheong": 0.086402276,
  "Gyeongsangnam-do|Yangsan": 0.002028161,
  "Gyeongsangnam-do|Uiryeong": 0.1087169589301104,
  "Gyeongsangnam-do|Jinju": 0.1616887867379827,
  "Gyeongsangnam-do|Changnyeong": 0.007814286,
  "Gyeongsangnam-do|Changwon": 0.1275566861049659,
  "Gyeongsangnam-do|Tongyeong": 0.1974047985208654,
  "Gyeongsangnam-do|Hadong": 0.0150652319476603,
  "Gyeongsangnam-do|Haman": 0.1295905047601072,
  "Gyeongsangnam-do|Hamyang": 0.030068848,
  "Gyeongsangnam-do|Hapcheon": 0.045470213,
  "Gyeongsangbuk-do|Gyeongsan": 0.2632894183778884,
  "Gyeongsangbuk-do|Gyeongju": 0.048753895,
  "Gyeongsangbuk-do|Goryeong": 0.0528991818979815,
  "Gyeongsangbuk-do|Gumi": 0.06950244,
  "Gyeongsangbuk-do|Gimcheon": 0.419098934,
  "Gyeongsangbuk-do|Mungyeong": 0.066492184,
  "Gyeongsangbuk-do|Bonghwa": 0.0307567683379878,
  "Gyeongsangbuk-do|Sangju": 0.1211476732560088,
  "Gyeongsangbuk-do|Seongju": 0.092233731,
  "Gyeongsangbuk-do|Andong": 0.1997622887427138,
  "Gyeongsangbuk-do|Yeongdeok": 0.1282179905539175,
  "Gyeongsangbuk-do|Yeongyang": 0.0326194268208287,
  "Gyeongsangbuk-do|Yeongju": 0.00973845,
  "Gyeongsangbuk-do|Yeongcheon": 0.077855168,
  "Gyeongsangbuk-do|Yecheon": 0.1502129404309843,
  "Gyeongsangbuk-do|Ulleung": 0.6499999996579207,
  "Gyeongsangbuk-do|Uljin": 0.1376491683586688,
  "Gyeongsangbuk-do|Uiseong": 0.041099039,
  "Gyeongsangbuk-do|Cheongdo": 0.06470204,
  "Gyeongsangbuk-do|Cheongsong": 0.1057695990797087,
  "Gyeongsangbuk-do|Chilgok": 0.1075932637774827,
  "Gyeongsangbuk-do|Pohang": 0.07898197,
  "Gwangju|Gwangsan": 0.070133689,
  "Gwangju|Nam": 0.1299173683095323,
  "Gwangju|Dong": 0.2225063516532884,
  "Gwangju|Buk": 0.1212139752578729,
  "Gwangju|Seo": 0.160460662,
  "Daegu|Nam": 0.2792641789149858,
  "Daegu|Dalseo": 0.0,
  "Daegu|Dalseong": 0.045697515,
  "Daegu|Dong": 0.06523289,
  "Daegu|Buk": 0.022483007,
  "Daegu|Seo": 0.098,
  "Daegu|Suseong": 0.0452,
  "Daegu|Jung": 0.0076,
  "Daejeon|Daedeok": 0.098452246,
  "Daejeon|Dong": 0.0024,
  "Daejeon|Seo": 0.005568501,
  "Daejeon|Yuseong": 0.040588238,
  "Daejeon|Jung": 0.003667846,
  "Busan|Gangseo": 0.088518212,
  "Busan|Geumjeong": 0.012799999999872,
  "Busan|Gijang": 0.032860991,
  "Busan|Nam": 0.0111999999998879,
  "Busan|Dong": 0.0764,
  "Busan|Dongnae": 0.0044,
  "Busan|Busanjin": 0.0012,
  "Busan|Buk": 0.014799999999852,
  "Busan|Sasang": 0.0056,
  "Busan|Saha": 0.019599999999804,
  "Busan|Seo": 0.0524,
  "Busan|Suyeong": 0.0348,
  "Busan|Yeonje": 0.0,
  "Busan|Yeongdo": 0.0944,
  "Busan|Jung": 0.0,
  "Busan|Haeundae": 0.0236,
  "Seoul|Gangnam": 0.0068,
  "Seoul|Gandong": 0.0,
  "Seoul|Gangbuk": 0.0,
  "Seoul|Gangseo": 0.0,
  "Seoul|Gwanak": 0.0,
  "Seoul|Gwang-jin": 0.0,
  "Seoul|Guro": 0.0,
  "Seoul|Geum-cheon": 0.0,
  "Seoul|Nowon": 0.0,
  "Seoul|Dobong": 0.0,
  "Seoul|Dong-daemun": 0.0,
  "Seoul|Dongjak": 0.0024,
  "Seoul|Mapo": 0.0,
  "Seoul|Seodaemun": 0.0,
  "Seoul|Seocho": 0.0,
  "Seoul|Seongdong": 0.0,
  "Seoul|Seongbuk": 0.0,
  "Seoul|Songpa": 0.0,
  "Seoul|Yangcheon": 0.0032,
  "Seoul|Yeongdeungpo": 0.0,
  "Seoul|Yongsan": 0.0,
  "Seoul|Eun-pyeong": 0.0,
  "Seoul|Jongro": 0.0004,
  "Seoul|Jung": 0.0,
  "Seoul|Jungnang": 0.0,
  "Sejong|nan": 0.005087766,
  "Ulsan|Nam": 0.001173692,
  "Ulsan|Dong": 0.0618086272468925,
  "Ulsan|Buk": 0.052277834,
  "Ulsan|Ulju": 0.068879482,
  "Ulsan|Jung": 0.002076074,
  "Incheon|Ganghwa": 0.4167898797846779,
  "Incheon|Gyeyang": 0.0102833436207892,
  "Incheon|Namdong": 0.062569665,
  "Incheon|Dong": 0.006,
  "Incheon|Nam": 0.0,
  "Incheon|Bupyeong": 0.034,
  "Incheon|Seo": 0.09959589,
  "Incheon|Yeonsu": 0.001643643,
  "Incheon|Ongjin": 0.2889881421241591,
  "Incheon|Jung": 0.1076021385340483,
  "Jeollanam-do|Gangjin": 0.1830423244842014,
  "Jeollanam-do|Goheung": 0.0182385322975378,
  "Jeollanam-do|Gokseong": 0.03156791,
  "Jeollanam-do|Gwangyang": 0.013165385,
  "Jeollanam-do|Gurye": 0.063562047,
  "Jeollanam-do|Naju": 0.1471167228458658,
  "Jeollanam-do|Damyang": 0.0126533281877267,
  "Jeollanam-do|Mokpo": 0.0,
  "Jeollanam-do|Muan": 0.2218474046463066,
  "Jeollanam-do|Boseong": 0.2395248780058,
  "Jeollanam-do|Suncheon": 0.085359391,
  "Jeollanam-do|Sinan": 0.317599999996824,
  "Jeollanam-do|Yeosu": 0.2683339679311292,
  "Jeollanam-do|Yeonggwang": 0.2436758296141445,
  "Jeollanam-do|Yeongam": 0.5028261076682173,
  "Jeollanam-do|Wando": 0.090478111,
  "Jeollanam-do|Jangseong": 0.0290477738332309,
  "Jeollanam-do|Jangheung": 0.1612149076738786,
  "Jeollanam-do|Jindo": 0.2278921911910719,
  "Jeollanam-do|Hampyeong": 0.0263061980068053,
  "Jeollanam-do|Haenam": 0.116269693,
  "Jeollanam-do|Hwasun": 0.1062803160162522,
  "Jeollabuk-do|Gochang": 0.057182447,
  "Jeollabuk-do|Gunsan": 0.4463777007776499,
  "Jeollabuk-do|Gimje": 0.2698998313738864,
  "Jeollabuk-do|Namwon": 0.1464032428334389,
  "Jeollabuk-do|Muju": 0.171155781,
  "Jeollabuk-do|Buan": 0.1603713663762413,
  "Jeollabuk-do|Sunchang": 0.1376467074632399,
  "Jeollabuk-do|Wanju": 0.042163681,
  "Jeollabuk-do|Iksan": 0.098996246,
  "Jeollabuk-do|Imsil": 0.1036624508783058,
  "Jeollabuk-do|Jangsu": 0.010333183,
  "Jeollabuk-do|Jeonju": 0.036928392,
  "Jeollabuk-do|Jeongeup": 0.089837801,
  "Jeollabuk-do|Jinan": 0.0355335742741969,
  "Jeju|Seogwipo": 0.051688704,
  "Jeju|Jeju": 0.2109811285306773,
  "Chungcheongnam-do|Gyeryong": 0.008353552,
  "Chungcheongnam-do|Gongju": 0.2053709438066616,
  "Chungcheongnam-do|Geumsan": 0.2034632186666655,
  "Chungcheongnam-do|Nonsan": 0.1174332595840657,
  "Chungcheongnam-do|Dangjin": 0.2031773055712978,
  "Chungcheongnam-do|Boryeong": 0.2183682455049523,
  "Chungcheongnam-do|Buyeo": 0.151854507,
  "Chungcheongnam-do|Seosan": 0.4890159014653823,
  "Chungcheongnam-do|Seocheon": 0.0293582229397432,